Rush_Unnamed: 0_level_0 Rk,Player,Rush_Unnamed: 2_level_0 Age,Rush_Unnamed: 3_level_0 Team,Rush_Unnamed: 4_level_0 Pos,Rush_Unnamed: 5_level_0 G,Rush_Unnamed: 6_level_0 GS,Rush_Rushing Att,Rush_Rushing Yds,Rush_Rushing TD,Rush_Rushing 1D,Rush_Rushing Succ%,Rush_Rushing Lng,Rush_Rushing Y/A,Rush_Rushing Y/G,Rush_Rushing A/G,Rush_Unnamed: 16_level_0 Fmb,Rush_Unnamed: 17_level_0 Awards,Year
1.0,James Cook,26.0,BUF,RB,13.0,13.0,249.0,1308.0,8.0,55.0,56.2,64.0,5.3,100.6,19.2,6.0,,2025
2.0,Jonathan Taylor,26.0,IND,RB,13.0,13.0,247.0,1356.0,16.0,68.0,55.1,83.0,5.5,104.3,19.0,2.0,,2025
3.0,Christian McCaffrey,29.0,SFO,RB,13.0,13.0,237.0,849.0,8.0,55.0,46.8,20.0,3.6,65.3,18.2,2.0,,2025
4.0,Derrick Henry,31.0,BAL,RB,13.0,13.0,222.0,1025.0,10.0,51.0,50.0,59.0,4.6,78.8,17.1,3.0,,2025
5.0,Saquon Barkley,28.0,PHI,RB,13.0,13.0,218.0,862.0,5.0,33.0,43.1,65.0,4.0,66.3,16.8,1.0,,2025
6.0,Bijan Robinson,23.0,ATL,RB,13.0,13.0,215.0,1081.0,5.0,48.0,54.0,81.0,5.0,83.2,16.5,3.0,,2025
7.0,Javonte Williams,25.0,DAL,RB,13.0,13.0,215.0,1022.0,9.0,55.0,54.9,66.0,4.8,78.6,16.5,2.0,,2025
8.0,Quinshon Judkins,22.0,CLE,RB,12.0,12.0,210.0,784.0,7.0,48.0,42.9,46.0,3.7,65.3,17.5,0.0,,2025
9.0,Josh Jacobs,27.0,GNB,RB,12.0,12.0,206.0,817.0,12.0,50.0,51.0,29.0,4.0,68.1,17.2,2.0,,2025
10.0,Travis Etienne,26.0,JAX,RB,13.0,13.0,201.0,917.0,7.0,38.0,48.3,71.0,4.6,70.5,15.5,1.0,,2025
11.0,Breece Hall,24.0,NYJ,RB,13.0,13.0,201.0,877.0,3.0,47.0,49.8,35.0,4.4,67.5,15.5,2.0,,2025
12.0,Kyren Williams,25.0,LAR,RB,13.0,13.0,196.0,952.0,8.0,60.0,65.3,34.0,4.9,73.2,15.1,2.0,,2025
13.0,De'Von Achane,24.0,MIA,RB,13.0,13.0,193.0,1126.0,7.0,49.0,48.7,59.0,5.8,86.6,14.8,1.0,,2025
14.0,Rico Dowdle,27.0,CAR,RB,13.0,7.0,192.0,929.0,5.0,45.0,47.9,53.0,4.8,71.5,14.8,1.0,,2025
15.0,Ashton Jeanty,22.0,LVR,RB,13.0,13.0,191.0,665.0,4.0,33.0,42.4,64.0,3.5,51.2,14.7,2.0,,2025
16.0,Jahmyr Gibbs,23.0,DET,RB,13.0,13.0,187.0,1062.0,13.0,50.0,49.2,78.0,5.7,81.7,14.4,0.0,,2025
17.0,Tony Pollard,28.0,TEN,RB,13.0,13.0,175.0,743.0,4.0,34.0,44.6,65.0,4.2,57.2,13.5,3.0,,2025
18.0,D'Andre Swift,26.0,CHI,RB,12.0,12.0,173.0,837.0,5.0,48.0,53.8,25.0,4.8,69.8,14.4,2.0,,2025
19.0,Chase Brown,25.0,CIN,RB,13.0,13.0,172.0,727.0,3.0,40.0,49.4,37.0,4.2,55.9,13.2,2.0,,2025
20.0,Kenneth Walker III,25.0,SEA,RB,13.0,13.0,170.0,762.0,4.0,37.0,44.7,31.0,4.5,58.6,13.1,0.0,,2025
21.0,Woody Marks,25.0,HOU,RB,13.0,5.0,160.0,554.0,2.0,28.0,41.9,23.0,3.5,42.6,12.3,1.0,,2025
22.0,Jaylen Warren,27.0,PIT,RB,12.0,11.0,159.0,652.0,4.0,40.0,53.5,37.0,4.1,54.3,13.3,0.0,,2025
23.0,J.K. Dobbins,27.0,DEN,RB,10.0,9.0,153.0,772.0,4.0,37.0,53.6,41.0,5.0,77.2,15.3,0.0,,2025
24.0,Kareem Hunt,30.0,KAN,RB,13.0,4.0,142.0,545.0,8.0,45.0,57.0,33.0,3.8,41.9,10.9,2.0,,2025
25.0,Kyle Monangai,23.0,CHI,RB,13.0,1.0,135.0,648.0,5.0,33.0,53.3,39.0,4.8,49.8,10.4,0.0,,2025
26.0,Kimani Vidal,24.0,LAC,RB,10.0,8.0,135.0,587.0,3.0,30.0,48.1,59.0,4.3,58.7,13.5,1.0,,2025
27.0,Jordan Mason,26.0,MIN,RB,13.0,4.0,133.0,630.0,6.0,38.0,57.1,24.0,4.7,48.5,10.2,3.0,,2025
28.0,Zach Charbonnet,24.0,SEA,RB,12.0,0.0,132.0,483.0,8.0,29.0,47.0,30.0,3.7,40.3,11.0,0.0,,2025
29.0,Alvin Kamara,30.0,NOR,RB,11.0,11.0,131.0,471.0,1.0,21.0,42.0,18.0,3.6,42.8,11.9,2.0,,2025
30.0,TreVeyon Henderson,23.0,NWE,RB,13.0,4.0,129.0,625.0,5.0,32.0,49.6,69.0,4.8,48.1,9.9,1.0,,2025
31.0,David Montgomery,28.0,DET,RB,13.0,0.0,129.0,603.0,7.0,32.0,46.5,72.0,4.7,46.4,9.9,2.0,,2025
32.0,Jacory Croskey-Merritt,24.0,WAS,RB,13.0,5.0,125.0,550.0,4.0,27.0,56.0,42.0,4.4,42.3,9.6,2.0,,2025
33.0,Rachaad White,26.0,TAM,RB,13.0,8.0,117.0,474.0,4.0,35.0,57.3,16.0,4.1,36.5,9.0,0.0,,2025
34.0,Nick Chubb,30.0,HOU,RB,13.0,8.0,115.0,472.0,3.0,19.0,50.4,27.0,4.1,36.3,8.8,0.0,,2025
35.0,Tyrone Tracy Jr.,26.0,NYG,RB,11.0,7.0,113.0,434.0,1.0,24.0,44.2,31.0,3.8,39.5,10.3,0.0,,2025
36.0,Chuba Hubbard,26.0,CAR,RB,11.0,6.0,111.0,433.0,1.0,24.0,52.3,14.0,3.9,39.4,10.1,0.0,,2025
37.0,Tyler Allgeier,25.0,ATL,RB,13.0,1.0,108.0,378.0,8.0,30.0,50.0,21.0,3.5,29.1,8.3,0.0,,2025
38.0,Bucky Irving,23.0,TAM,RB,6.0,5.0,103.0,353.0,1.0,13.0,37.9,32.0,3.4,58.8,17.2,1.0,,2025
39.0,Blake Corum,25.0,LAR,RB,13.0,0.0,101.0,550.0,4.0,32.0,57.4,48.0,5.4,42.3,7.8,0.0,,2025
40.0,Cam Skattebo,23.0,NYG,RB,8.0,5.0,101.0,410.0,5.0,27.0,50.5,24.0,4.1,51.3,12.6,1.0,,2025
41.0,Rhamondre Stevenson,27.0,NWE,RB,10.0,9.0,101.0,324.0,3.0,14.0,42.6,22.0,3.2,32.4,10.1,3.0,,2025
42.0,RJ Harvey,24.0,DEN,RB,13.0,4.0,91.0,354.0,5.0,18.0,46.2,50.0,3.9,27.2,7.0,0.0,,2025
43.0,Isiah Pacheco,26.0,KAN,RB,10.0,9.0,90.0,375.0,1.0,23.0,56.7,16.0,4.2,37.5,9.0,0.0,,2025
44.0,Jalen Hurts,27.0,PHI,QB,13.0,13.0,88.0,337.0,8.0,33.0,53.4,29.0,3.8,25.9,6.8,7.0,,2025
45.0,Emanuel Wilson,26.0,GNB,RB,13.0,1.0,88.0,351.0,3.0,22.0,56.8,15.0,4.0,27.0,6.8,1.0,,2025
46.0,Josh Allen,29.0,BUF,QB,13.0,13.0,87.0,487.0,12.0,37.0,59.8,40.0,5.6,37.5,6.7,5.0,,2025
47.0,Devin Singletary,28.0,NYG,RB,13.0,1.0,86.0,306.0,3.0,19.0,46.5,22.0,3.6,23.5,6.6,0.0,,2025
48.0,Aaron Jones,31.0,MIN,RB,9.0,9.0,81.0,376.0,1.0,17.0,55.6,31.0,4.6,41.8,9.0,2.0,,2025
49.0,Zonovan Knight,24.0,ARI,RB,11.0,7.0,81.0,271.0,4.0,21.0,49.4,17.0,3.3,24.6,7.4,1.0,,2025
50.0,Drake Maye,23.0,NWE,QB,13.0,13.0,81.0,319.0,2.0,26.0,40.7,28.0,3.9,24.5,6.2,6.0,,2025
51.0,Chris Rodriguez,25.0,WAS,RB,11.0,6.0,81.0,372.0,4.0,23.0,59.3,48.0,4.6,33.8,7.4,0.0,,2025
52.0,Kenneth Gainwell,26.0,PIT,RB,13.0,2.0,80.0,371.0,4.0,26.0,57.5,55.0,4.6,28.5,6.2,2.0,,2025
53.0,Omarion Hampton,22.0,LAC,RB,6.0,5.0,79.0,370.0,2.0,21.0,44.3,54.0,4.7,61.7,13.2,1.0,,2025
54.0,Bhayshul Tuten,22.0,JAX,RB,13.0,0.0,77.0,277.0,4.0,21.0,57.1,15.0,3.6,21.3,5.9,2.0,,2025
55.0,Brian Robinson Jr.,26.0,SFO,RB,13.0,0.0,72.0,328.0,2.0,17.0,56.9,19.0,4.6,25.2,5.5,0.0,,2025
56.0,Sean Tucker,24.0,TAM,RB,13.0,0.0,72.0,306.0,5.0,19.0,48.6,43.0,4.3,23.5,5.5,1.0,,2025
57.0,Justin Fields,26.0,NYJ,QB,9.0,9.0,71.0,383.0,4.0,26.0,57.7,43.0,5.4,42.6,7.9,4.0,,2025
58.0,Justin Herbert,27.0,LAC,QB,13.0,13.0,67.0,419.0,1.0,30.0,64.2,41.0,6.3,32.2,5.2,4.0,,2025
59.0,Caleb Williams,24.0,CHI,QB,13.0,13.0,65.0,321.0,3.0,24.0,58.5,29.0,4.9,24.7,5.0,6.0,,2025
60.0,Patrick Mahomes,30.0,KAN,QB,13.0,13.0,62.0,407.0,4.0,26.0,58.1,22.0,6.6,31.3,4.8,3.0,,2025
61.0,Jaxson Dart,22.0,NYG,QB,10.0,8.0,61.0,337.0,7.0,28.0,63.9,24.0,5.5,33.7,6.1,3.0,,2025
62.0,Trevor Lawrence,26.0,JAX,QB,13.0,13.0,61.0,251.0,5.0,27.0,50.8,21.0,4.1,19.3,4.7,5.0,,2025
63.0,Lamar Jackson,28.0,BAL,QB,10.0,10.0,59.0,307.0,2.0,21.0,49.2,19.0,5.2,30.7,5.9,6.0,,2025
64.0,Jayden Daniels,25.0,WAS,QB,7.0,7.0,58.0,278.0,2.0,14.0,51.7,18.0,4.8,39.7,8.3,3.0,,2025
65.0,Ollie Gordon,21.0,MIA,RB,13.0,1.0,58.0,191.0,3.0,19.0,48.3,20.0,3.3,14.7,4.5,0.0,,2025
66.0,Bo Nix,25.0,DEN,QB,13.0,13.0,55.0,244.0,4.0,15.0,43.6,25.0,4.4,18.8,4.2,3.0,,2025
67.0,Michael Carter,26.0,ARI,RB,9.0,2.0,53.0,165.0,1.0,10.0,47.2,11.0,3.1,18.3,5.9,0.0,,2025
68.0,Samaje Perine,30.0,CIN,RB,11.0,0.0,52.0,268.0,1.0,20.0,57.7,32.0,5.2,24.4,4.7,2.0,,2025
69.0,Devin Neal,22.0,NOR,RB,9.0,2.0,50.0,178.0,1.0,8.0,54.0,21.0,3.6,19.8,5.6,0.0,,2025
70.0,Kendre Miller,23.0,NOR,RB,7.0,0.0,47.0,193.0,1.0,9.0,44.7,18.0,4.1,27.6,6.7,0.0,,2025
71.0,Tyjae Spears,24.0,TEN,RB,9.0,0.0,47.0,177.0,1.0,8.0,34.0,41.0,3.8,19.7,5.2,0.0,,2025
72.0,Daniel Jones,28.0,IND,QB,13.0,13.0,45.0,164.0,5.0,19.0,53.3,19.0,3.6,12.6,3.5,9.0,,2025
73.0,Dak Prescott,32.0,DAL,QB,13.0,13.0,44.0,138.0,2.0,11.0,40.9,14.0,3.1,10.6,3.4,5.0,,2025
74.0,Dylan Sampson,21.0,CLE,RB,13.0,1.0,44.0,116.0,0.0,9.0,34.1,26.0,2.6,8.9,3.4,1.0,,2025
75.0,Baker Mayfield,30.0,TAM,QB,13.0,13.0,43.0,285.0,1.0,21.0,53.5,33.0,6.6,21.9,3.3,8.0,,2025
76.0,Jordan Love,27.0,GNB,QB,13.0,13.0,42.0,163.0,0.0,11.0,47.6,25.0,3.9,12.5,3.2,6.0,,2025
77.0,Jaylen Wright,22.0,MIA,RB,6.0,0.0,42.0,172.0,1.0,11.0,52.4,18.0,4.1,28.7,7.0,0.0,,2025
78.0,Geno Smith,35.0,LVR,QB,13.0,13.0,40.0,108.0,0.0,13.0,42.5,20.0,2.7,8.3,3.1,4.0,,2025
79.0,Marcus Mariota,32.0,WAS,QB,9.0,6.0,39.0,255.0,1.0,12.0,48.7,44.0,6.5,28.3,4.3,4.0,,2025
80.0,Taysom Hill,35.0,NOR,TE,9.0,2.0,35.0,70.0,1.0,12.0,42.9,29.0,2.0,7.8,3.9,2.0,,2025
81.0,Ray Davis,26.0,BUF,RB,13.0,0.0,33.0,106.0,0.0,6.0,45.5,15.0,3.2,8.2,2.5,0.0,,2025
82.0,Mac Jones,27.0,SFO,QB,10.0,8.0,33.0,63.0,0.0,11.0,45.5,13.0,1.9,6.3,3.3,4.0,,2025
83.0,James Conner,30.0,ARI,RB,3.0,3.0,32.0,95.0,1.0,7.0,43.8,12.0,3.0,31.7,10.7,1.0,,2025
84.0,Jeremy McNichols,30.0,WAS,RB,13.0,0.0,32.0,211.0,1.0,12.0,56.3,60.0,6.6,16.2,2.5,0.0,,2025
85.0,Jaret Patterson,26.0,LAC,RB,4.0,0.0,32.0,129.0,1.0,6.0,53.1,22.0,4.0,32.3,8.0,0.0,,2025
86.0,C.J. Stroud,24.0,HOU,QB,10.0,10.0,32.0,194.0,0.0,15.0,62.5,30.0,6.1,19.4,3.2,0.0,,2025
87.0,Bryce Young,24.0,CAR,QB,12.0,12.0,32.0,121.0,1.0,10.0,46.9,24.0,3.8,10.1,2.7,6.0,,2025
88.0,Jacoby Brissett,33.0,ARI,QB,10.0,8.0,31.0,138.0,1.0,13.0,54.8,15.0,4.5,13.8,3.1,4.0,,2025
89.0,Emari Demercado,26.0,ARI,RB,9.0,0.0,31.0,241.0,0.0,6.0,41.9,71.0,7.8,26.8,3.4,1.0,,2025
90.0,Keaton Mitchell,23.0,BAL,RB,9.0,0.0,31.0,229.0,1.0,9.0,58.1,55.0,7.4,25.4,3.4,1.0,,2025
91.0,Spencer Rattler,25.0,NOR,QB,8.0,8.0,31.0,167.0,0.0,17.0,74.2,15.0,5.4,20.9,3.9,4.0,,2025
92.0,Brashard Smith,22.0,KAN,RB,13.0,0.0,30.0,94.0,0.0,2.0,43.3,8.0,3.1,7.2,2.3,1.0,,2025
93.0,Cam Ward,23.0,TEN,QB,13.0,13.0,30.0,127.0,1.0,12.0,53.3,20.0,4.2,9.8,2.3,9.0,,2025
94.0,Trey Benson,23.0,ARI,RB,4.0,1.0,29.0,160.0,0.0,4.0,34.5,52.0,5.5,40.0,7.3,0.0,,2025
95.0,J.J. McCarthy,22.0,MIN,QB,7.0,7.0,29.0,139.0,2.0,8.0,37.9,26.0,4.8,19.9,4.1,5.0,,2025
96.0,Kyler Murray,28.0,ARI,QB,5.0,5.0,29.0,173.0,1.0,10.0,41.4,30.0,6.0,34.6,5.8,1.0,,2025
97.0,Isaiah Davis,23.0,NYJ,RB,13.0,0.0,28.0,159.0,0.0,5.0,28.6,50.0,5.7,12.2,2.2,0.0,,2025
98.0,Tyler Shough,26.0,NOR,QB,7.0,5.0,28.0,106.0,2.0,7.0,39.3,34.0,3.8,15.1,4.0,2.0,,2025
99.0,Zavier Scott,26.0,MIN,RB,12.0,0.0,27.0,101.0,0.0,5.0,51.9,11.0,3.7,8.4,2.3,2.0,,2025
100.0,Tyrod Taylor,36.0,NYJ,QB,6.0,4.0,27.0,143.0,1.0,10.0,48.1,15.0,5.3,23.8,4.5,1.0,,2025
101.0,Kaleb Johnson,22.0,PIT,RB,9.0,0.0,26.0,65.0,0.0,2.0,26.9,9.0,2.5,7.2,2.9,1.0,,2025
102.0,Antonio Gibson,27.0,NWE,RB,5.0,0.0,25.0,106.0,1.0,6.0,44.0,21.0,4.2,21.2,5.0,2.0,,2025
103.0,Ty Johnson,28.0,BUF,RB,13.0,0.0,25.0,120.0,1.0,6.0,52.0,23.0,4.8,9.2,1.9,1.0,,2025
104.0,Matthew Stafford,37.0,LAR,QB,13.0,13.0,25.0,-10.0,0.0,0.0,0.0,6.0,-0.4,-0.8,1.9,6.0,,2025
105.0,Jerome Ford,26.0,CLE,RB,13.0,0.0,24.0,73.0,0.0,5.0,45.8,12.0,3.0,5.6,1.8,0.0,,2025
106.0,Tank Bigsby,24.0,2TM,RB,13.0,0.0,24.0,180.0,0.0,8.0,54.2,29.0,7.5,13.8,1.8,0.0,,2025
106.0,Tank Bigsby,24.0,JAX,RB,1.0,0.0,5.0,12.0,0.0,1.0,20.0,4.0,2.4,12.0,5.0,0.0,,2025
106.0,Tank Bigsby,24.0,PHI,RB,12.0,0.0,19.0,168.0,0.0,7.0,63.2,29.0,8.8,14.0,1.6,0.0,,2025
107.0,Terrell Jennings,24.0,NWE,RB,7.0,0.0,23.0,73.0,1.0,8.0,43.5,11.0,3.2,10.4,3.3,0.0,,2025
108.0,Jaydon Blue,21.0,DAL,RB,4.0,0.0,22.0,65.0,0.0,3.0,36.4,14.0,3.0,16.3,5.5,1.0,,2025
109.0,George Holani,26.0,SEA,RB,11.0,0.0,22.0,73.0,1.0,5.0,50.0,9.0,3.3,6.6,2.0,1.0,,2025
110.0,Raheem Mostert,33.0,LVR,RB,10.0,0.0,21.0,98.0,0.0,5.0,38.1,37.0,4.7,9.8,2.1,0.0,,2025
111.0,Michael Penix,25.0,ATL,QB,9.0,9.0,21.0,70.0,1.0,5.0,38.1,15.0,3.3,7.8,2.3,4.0,,2025
112.0,Trevor Etienne,21.0,CAR,RB,13.0,0.0,20.0,94.0,0.0,6.0,50.0,22.0,4.7,7.2,1.5,2.0,,2025
113.0,Miles Sanders,28.0,DAL,RB,4.0,0.0,20.0,117.0,1.0,5.0,50.0,49.0,5.9,29.3,5.0,1.0,,2025
114.0,Sam Darnold,28.0,SEA,QB,13.0,13.0,19.0,72.0,0.0,6.0,47.4,24.0,3.8,5.5,1.5,7.0,,2025
115.0,Tua Tagovailoa,27.0,MIA,QB,13.0,13.0,19.0,42.0,0.0,1.0,15.8,8.0,2.2,3.2,1.5,8.0,,2025
116.0,Braelon Allen,21.0,NYJ,RB,4.0,0.0,18.0,76.0,1.0,4.0,50.0,15.0,4.2,19.0,4.5,1.0,,2025
117.0,DJ Giddens,22.0,IND,RB,7.0,0.0,18.0,66.0,0.0,3.0,38.9,12.0,3.7,9.4,2.6,0.0,,2025
118.0,Justice Hill,28.0,BAL,RB,10.0,0.0,18.0,93.0,2.0,4.0,33.3,71.0,5.2,9.3,1.8,1.0,,2025
119.0,Russell Wilson,37.0,NYG,QB,6.0,3.0,18.0,106.0,0.0,6.0,50.0,15.0,5.9,17.7,3.0,3.0,,2025
120.0,Jaleel McLaughlin,25.0,DEN,RB,4.0,0.0,17.0,65.0,1.0,4.0,47.1,14.0,3.8,16.3,4.3,0.0,,2025
121.0,Aaron Rodgers,42.0,PIT,QB,12.0,12.0,17.0,26.0,1.0,3.0,29.4,10.0,1.5,2.2,1.4,3.0,,2025
122.0,Malik Davis,27.0,DAL,RB,7.0,0.0,16.0,103.0,1.0,4.0,43.8,43.0,6.4,14.7,2.3,0.0,,2025
123.0,Brock Purdy,26.0,SFO,QB,5.0,5.0,16.0,43.0,1.0,7.0,56.3,11.0,2.7,8.6,3.2,1.0,,2025
124.0,Joe Flacco,40.0,2TM,QB,10.0,10.0,16.0,31.0,1.0,7.0,43.8,13.0,1.9,3.1,1.6,3.0,,2025
124.0,Joe Flacco,40.0,CLE,QB,4.0,4.0,6.0,13.0,0.0,2.0,33.3,8.0,2.2,3.3,1.5,2.0,,2025
124.0,Joe Flacco,40.0,CIN,QB,6.0,6.0,10.0,18.0,1.0,5.0,50.0,13.0,1.8,3.0,1.7,1.0,,2025
125.0,Jared Goff,31.0,DET,QB,13.0,13.0,15.0,44.0,0.0,4.0,40.0,24.0,2.9,3.4,1.2,3.0,,2025
126.0,Najee Harris,27.0,LAC,RB,3.0,0.0,15.0,61.0,0.0,3.0,86.7,7.0,4.1,20.3,5.0,0.0,,2025
127.0,LeQuint Allen,21.0,JAX,RB,13.0,0.0,14.0,70.0,0.0,5.0,50.0,12.0,5.0,5.4,1.1,0.0,,2025
128.0,Austin Ekeler,30.0,WAS,RB,2.0,2.0,14.0,43.0,0.0,3.0,57.1,6.0,3.1,21.5,7.0,0.0,,2025
129.0,Dillon Gabriel,25.0,CLE,QB,9.0,6.0,14.0,86.0,0.0,4.0,42.9,19.0,6.1,9.6,1.6,0.0,,2025
130.0,D.J. Moore,28.0,CHI,WR,13.0,13.0,14.0,67.0,1.0,4.0,64.3,17.0,4.8,5.2,1.1,1.0,,2025
131.0,Deebo Samuel,29.0,WAS,WR,12.0,8.0,13.0,49.0,1.0,3.0,53.8,19.0,3.8,4.1,1.1,2.0,,2025
132.0,KaVontae Turpin,29.0,DAL,WR,11.0,2.0,13.0,67.0,0.0,3.0,69.2,25.0,5.2,6.1,1.2,1.0,,2025
133.0,Malik Washington,24.0,MIA,WR,13.0,3.0,13.0,78.0,0.0,3.0,53.8,18.0,6.0,6.0,1.0,1.0,,2025
134.0,AJ Dillon,27.0,PHI,RB,6.0,0.0,12.0,60.0,0.0,4.0,50.0,11.0,5.0,10.0,2.0,1.0,,2025
135.0,Hassan Haskins,26.0,LAC,RB,8.0,0.0,12.0,30.0,0.0,2.0,25.0,10.0,2.5,3.8,1.5,0.0,,2025
136.0,Davis Mills,27.0,HOU,QB,5.0,3.0,12.0,48.0,1.0,1.0,33.3,14.0,4.0,9.6,2.4,1.0,,2025
137.0,Chris Brooks,25.0,GNB,RB,13.0,0.0,11.0,31.0,0.0,2.0,27.3,10.0,2.8,2.4,0.8,0.0,,2025
138.0,Tyler Huntley,27.0,BAL,QB,2.0,1.0,11.0,92.0,0.0,6.0,63.6,29.0,8.4,46.0,5.5,0.0,,2025
139.0,Will Shipley,23.0,PHI,RB,11.0,0.0,11.0,45.0,0.0,4.0,36.4,20.0,4.1,4.1,1.0,0.0,,2025
140.0,Carson Wentz,33.0,MIN,QB,5.0,5.0,11.0,57.0,0.0,3.0,27.3,16.0,5.2,11.4,2.2,3.0,,2025
141.0,Julius Chestnut,25.0,TEN,RB,13.0,0.0,10.0,39.0,0.0,3.0,40.0,27.0,3.9,3.0,0.8,0.0,,2025
142.0,Marvin Mims,23.0,DEN,WR,11.0,2.0,10.0,67.0,1.0,3.0,60.0,16.0,6.7,6.1,0.9,2.0,,2025
143.0,Dameon Pierce,25.0,HOU,RB,4.0,0.0,10.0,26.0,0.0,1.0,20.0,10.0,2.6,6.5,2.5,0.0,,2025
144.0,Zamir White,26.0,LVR,RB,4.0,0.0,10.0,25.0,0.0,0.0,20.0,9.0,2.5,6.3,2.5,0.0,,2025
145.0,Ameer Abdullah,32.0,IND,RB,9.0,0.0,9.0,44.0,1.0,3.0,55.6,14.0,4.9,4.9,1.0,0.0,,2025
146.0,Mark Andrews,30.0,BAL,TE,13.0,9.0,9.0,45.0,1.0,6.0,66.7,35.0,5.0,3.5,0.7,1.0,,2025
147.0,AJ Barner,23.0,SEA,TE,13.0,13.0,9.0,13.0,1.0,8.0,88.9,2.0,1.4,1.0,0.7,2.0,,2025
148.0,Tahj Brooks,23.0,CIN,RB,12.0,0.0,9.0,28.0,0.0,0.0,33.3,7.0,3.1,2.3,0.8,0.0,,2025
149.0,Jake Browning,29.0,CIN,QB,5.0,3.0,9.0,39.0,1.0,5.0,55.6,13.0,4.3,7.8,1.8,1.0,,2025
150.0,Nathan Carter,23.0,ATL,RB,5.0,0.0,9.0,60.0,0.0,3.0,55.6,12.0,6.7,12.0,1.8,1.0,,2025
151.0,Chimere Dike,24.0,TEN,WR,13.0,7.0,9.0,18.0,0.0,0.0,44.4,9.0,2.0,1.4,0.7,2.0,,2025
152.0,Zay Flowers,25.0,BAL,WR,13.0,13.0,9.0,44.0,0.0,2.0,66.7,11.0,4.9,3.4,0.7,2.0,,2025
153.0,Savion Williams,24.0,GNB,WR,11.0,0.0,9.0,28.0,0.0,1.0,33.3,16.0,3.1,2.5,0.8,1.0,,2025
154.0,Xavier Worthy,22.0,KAN,WR,11.0,11.0,9.0,86.0,0.0,4.0,77.8,35.0,9.6,7.8,0.8,0.0,,2025
155.0,Matthew Golden,22.0,GNB,WR,10.0,4.0,8.0,45.0,0.0,3.0,87.5,9.0,5.6,4.5,0.8,0.0,,2025
156.0,Trey Lance,25.0,LAC,QB,3.0,0.0,8.0,16.0,0.0,1.0,25.0,11.0,2.0,5.3,2.7,0.0,,2025
157.0,Ronnie Rivers,26.0,LAR,RB,7.0,0.0,8.0,41.0,0.0,2.0,62.5,9.0,5.1,5.9,1.1,0.0,,2025
158.0,Shedeur Sanders,23.0,CLE,QB,4.0,3.0,8.0,50.0,1.0,3.0,62.5,14.0,6.3,12.5,2.0,1.0,,2025
159.0,Malachi Corley,23.0,CLE,WR,9.0,4.0,7.0,79.0,0.0,4.0,85.7,31.0,11.3,8.8,0.8,0.0,,2025
160.0,Greg Dortch,27.0,ARI,WR,12.0,3.0,7.0,15.0,1.0,1.0,57.1,9.0,2.1,1.3,0.6,1.0,,2025
161.0,Clyde Edwards-Helaire,26.0,KAN,RB,2.0,0.0,7.0,13.0,0.0,1.0,28.6,7.0,1.9,6.5,3.5,0.0,,2025
162.0,Jimmy Horn,23.0,CAR,WR,9.0,0.0,7.0,44.0,0.0,2.0,85.7,11.0,6.3,4.9,0.8,0.0,,2025
163.0,Adam Prentice,28.0,DEN,FB,13.0,2.0,7.0,42.0,0.0,6.0,85.7,18.0,6.0,3.2,0.5,0.0,,2025
164.0,Mason Rudolph,30.0,PIT,QB,5.0,1.0,7.0,6.0,0.0,2.0,42.9,3.0,0.9,1.2,1.4,1.0,,2025
165.0,Jaxon Smith-Njigba,23.0,SEA,WR,13.0,13.0,7.0,36.0,0.0,2.0,57.1,11.0,5.1,2.8,0.5,3.0,,2025
166.0,Jameis Winston,31.0,NYG,QB,2.0,2.0,7.0,23.0,1.0,3.0,42.9,11.0,3.3,11.5,3.5,1.0,,2025
167.0,Rashid Shaheed,27.0,2TM,WR,14.0,12.0,7.0,41.0,0.0,2.0,42.9,10.0,5.9,2.9,0.5,2.0,,2025
167.0,Rashid Shaheed,27.0,NOR,WR,9.0,9.0,2.0,5.0,0.0,0.0,50.0,5.0,2.5,0.6,0.2,1.0,,2025
167.0,Rashid Shaheed,27.0,SEA,WR,5.0,3.0,5.0,36.0,0.0,2.0,40.0,10.0,7.2,7.2,1.0,1.0,,2025
168.0,Rasheen Ali,24.0,BAL,RB,11.0,0.0,6.0,24.0,0.0,1.0,50.0,9.0,4.0,2.2,0.5,0.0,,2025
169.0,Tyler Badie,25.0,DEN,RB,12.0,0.0,6.0,25.0,0.0,1.0,16.7,7.0,4.2,2.1,0.5,0.0,,2025
170.0,Demario Douglas,25.0,NWE,WR,13.0,0.0,6.0,16.0,0.0,2.0,50.0,14.0,2.7,1.2,0.5,0.0,,2025
171.0,Jimmy Garoppolo,34.0,LAR,QB,2.0,0.0,6.0,-7.0,0.0,0.0,0.0,-1.0,-1.2,-3.5,3.0,0.0,,2025
172.0,Connor Heyward,26.0,PIT,TE,13.0,1.0,6.0,11.0,0.0,5.0,83.3,4.0,1.8,0.8,0.5,0.0,,2025
173.0,Evan Hull,25.0,NOR,RB,2.0,0.0,6.0,19.0,0.0,2.0,50.0,5.0,3.2,9.5,3.0,0.0,,2025
174.0,Tez Johnson,23.0,TAM,WR,12.0,8.0,6.0,17.0,0.0,0.0,66.7,6.0,2.8,1.4,0.5,0.0,,2025
175.0,Drew Lock,29.0,SEA,QB,5.0,0.0,6.0,-5.0,0.0,0.0,0.0,,-0.8,-1.0,1.2,2.0,,2025
176.0,Elijah Moore,25.0,BUF,WR,9.0,2.0,6.0,24.0,1.0,3.0,50.0,11.0,4.0,2.7,0.7,0.0,,2025
177.0,Nick Mullens,30.0,JAX,QB,3.0,0.0,6.0,-4.0,0.0,0.0,0.0,,-0.7,-1.3,2.0,0.0,,2025
178.0,Puka Nacua,24.0,LAR,WR,12.0,11.0,6.0,73.0,1.0,3.0,66.7,45.0,12.2,6.1,0.5,1.0,,2025
179.0,Tre Tucker,24.0,LVR,WR,13.0,13.0,6.0,36.0,0.0,0.0,83.3,9.0,6.0,2.8,0.5,0.0,,2025
180.0,Tyler Warren,23.0,IND,TE,13.0,8.0,6.0,8.0,1.0,3.0,50.0,3.0,1.3,0.6,0.5,1.0,,2025
181.0,Parker Washington,23.0,JAX,WR,12.0,6.0,6.0,5.0,0.0,1.0,50.0,5.0,0.8,0.4,0.5,1.0,,2025
182.0,Jameson Williams,24.0,DET,WR,13.0,11.0,6.0,12.0,0.0,0.0,33.3,9.0,2.0,0.9,0.5,0.0,,2025
183.0,Cam Akers,26.0,MIN,RB,3.0,0.0,5.0,19.0,0.0,1.0,40.0,14.0,3.8,6.3,1.7,0.0,,2025
184.0,Brittain Brown,28.0,CHI,RB,2.0,0.0,5.0,37.0,1.0,2.0,60.0,22.0,7.4,18.5,2.5,0.0,,2025
185.0,Dyami Brown,26.0,JAX,WR,11.0,6.0,5.0,26.0,0.0,2.0,80.0,9.0,5.2,2.4,0.5,0.0,,2025
186.0,Luther Burden,22.0,CHI,WR,12.0,3.0,5.0,27.0,0.0,2.0,40.0,15.0,5.4,2.3,0.4,0.0,,2025
187.0,Joe Burrow,29.0,CIN,QB,4.0,4.0,5.0,11.0,0.0,2.0,40.0,3.0,2.2,2.8,1.3,0.0,,2025
188.0,Kirk Cousins,37.0,ATL,QB,6.0,4.0,5.0,9.0,0.0,2.0,40.0,6.0,1.8,1.5,0.8,1.0,,2025
189.0,Andy Dalton,38.0,CAR,QB,4.0,1.0,5.0,-2.0,0.0,0.0,0.0,1.0,-0.4,-0.5,1.3,2.0,,2025
190.0,Joshua Dobbs,30.0,NWE,QB,2.0,0.0,5.0,-4.0,0.0,0.0,0.0,,-0.8,-2.0,2.5,0.0,,2025
191.0,Harold Fannin,21.0,CLE,TE,13.0,10.0,5.0,10.0,0.0,1.0,20.0,4.0,2.0,0.8,0.4,1.0,,2025
192.0,Tyler Goodson,25.0,IND,RB,8.0,0.0,5.0,12.0,0.0,0.0,20.0,4.0,2.4,1.5,0.6,0.0,,2025
193.0,Dylan Laube,26.0,LVR,RB,13.0,0.0,5.0,5.0,0.0,0.0,0.0,2.0,1.0,0.4,0.4,0.0,,2025
194.0,Gardner Minshew II,29.0,KAN,QB,2.0,0.0,5.0,-6.0,0.0,0.0,0.0,-1.0,-1.2,-3.0,2.5,0.0,,2025
195.0,Jaylin Noel,23.0,HOU,WR,13.0,3.0,5.0,10.0,0.0,0.0,20.0,5.0,2.0,0.8,0.4,0.0,,2025
196.0,Rashee Rice,25.0,KAN,WR,7.0,7.0,5.0,20.0,1.0,2.0,80.0,7.0,4.0,2.9,0.7,2.0,,2025
197.0,Jacardia Wright,25.0,SEA,RB,1.0,0.0,5.0,20.0,0.0,1.0,40.0,10.0,4.0,20.0,5.0,0.0,,2025
198.0,D'Ernest Johnson,29.0,2TM,RB,4.0,0.0,5.0,7.0,0.0,0.0,20.0,5.0,1.4,1.8,1.3,0.0,,2025
198.0,D'Ernest Johnson,29.0,ARI,RB,1.0,0.0,1.0,0.0,0.0,0.0,0.0,,0.0,0.0,1.0,0.0,,2025
198.0,D'Ernest Johnson,29.0,NWE,RB,3.0,0.0,4.0,7.0,0.0,0.0,25.0,5.0,1.8,2.3,1.3,0.0,,2025
199.0,British Brooks,26.0,HOU,RB,11.0,2.0,4.0,15.0,0.0,2.0,50.0,9.0,3.8,1.4,0.4,0.0,,2025
200.0,Ryan Flournoy,26.0,DAL,WR,13.0,2.0,4.0,25.0,0.0,2.0,50.0,12.0,6.3,1.9,0.3,0.0,,2025
201.0,Troy Franklin,22.0,DEN,WR,13.0,7.0,4.0,9.0,0.0,2.0,50.0,11.0,2.3,0.7,0.3,1.0,,2025
202.0,Velus Jones Jr.,28.0,SEA,RB,2.0,0.0,4.0,32.0,0.0,1.0,25.0,25.0,8.0,16.0,2.0,0.0,,2025
203.0,Bo Melton,26.0,GNB,CB,12.0,0.0,4.0,35.0,0.0,2.0,50.0,17.0,8.8,2.9,0.3,0.0,,2025
204.0,Jakobi Meyers,29.0,2TM,WR,12.0,9.0,4.0,12.0,0.0,1.0,50.0,4.0,3.0,1.0,0.3,0.0,,2025
204.0,Jakobi Meyers,29.0,LVR,WR,7.0,6.0,0.0,0.0,0.0,0.0,,,,0.0,0.0,0.0,,2025
204.0,Jakobi Meyers,29.0,JAX,WR,5.0,3.0,4.0,12.0,0.0,1.0,50.0,4.0,3.0,2.4,0.8,0.0,,2025
205.0,Dare Ogunbowale,31.0,HOU,RB,13.0,0.0,4.0,23.0,1.0,1.0,25.0,9.0,5.8,1.8,0.3,1.0,,2025
206.0,Anthony Richardson,23.0,IND,QB,2.0,0.0,4.0,-1.0,0.0,1.0,25.0,2.0,-0.3,-0.5,2.0,0.0,,2025
207.0,Cooper Rush,32.0,BAL,QB,4.0,2.0,4.0,-4.0,0.0,0.0,0.0,,-1.0,-1.0,1.0,1.0,,2025
208.0,Sterling Shepard,32.0,TAM,WR,13.0,2.0,4.0,19.0,0.0,1.0,75.0,11.0,4.8,1.5,0.3,1.0,,2025
209.0,Cade Stover,25.0,HOU,TE,5.0,4.0,4.0,3.0,0.0,2.0,50.0,2.0,0.8,0.6,0.8,0.0,,2025
210.0,Mitchell Trubisky,31.0,BUF,QB,3.0,0.0,4.0,1.0,0.0,0.0,0.0,4.0,0.3,0.3,1.3,0.0,,2025
211.0,Josh Williams,25.0,TAM,RB,3.0,0.0,4.0,11.0,0.0,0.0,25.0,4.0,2.8,3.7,1.3,0.0,,2025
212.0,Olamide Zaccheaus,28.0,CHI,WR,13.0,4.0,4.0,25.0,0.0,1.0,75.0,12.0,6.3,1.9,0.3,0.0,,2025
213.0,Kyle Allen,29.0,DET,QB,3.0,0.0,3.0,-3.0,0.0,0.0,0.0,-1.0,-1.0,-1.0,1.0,0.0,,2025
214.0,Isaiah Bond,21.0,CLE,WR,12.0,2.0,3.0,26.0,0.0,1.0,100.0,9.0,8.7,2.2,0.3,0.0,,2025
215.0,Teddy Bridgewater,33.0,TAM,QB,4.0,0.0,3.0,4.0,0.0,0.0,0.0,6.0,1.3,1.0,0.8,0.0,,2025
216.0,Ja'Marr Chase,25.0,CIN,WR,12.0,12.0,3.0,14.0,0.0,0.0,66.7,9.0,4.7,1.2,0.3,1.0,,2025
217.0,Ashton Dulin,28.0,IND,WR,10.0,2.0,3.0,44.0,0.0,2.0,100.0,22.0,14.7,4.4,0.3,0.0,,2025
218.0,Audric Estime,22.0,NOR,RB,3.0,0.0,3.0,11.0,0.0,1.0,33.3,9.0,3.7,3.7,1.0,0.0,,2025
219.0,Myles Gaskin,28.0,SEA,RB,1.0,0.0,3.0,6.0,0.0,0.0,0.0,3.0,2.0,6.0,3.0,0.0,,2025
220.0,Andrei Iosivas,26.0,CIN,WR,13.0,7.0,3.0,14.0,0.0,0.0,66.7,5.0,4.7,1.1,0.2,0.0,,2025
221.0,Riley Leonard,23.0,IND,QB,2.0,0.0,3.0,6.0,1.0,1.0,33.3,6.0,2.0,3.0,1.5,0.0,,2025
222.0,Hunter Luepke,25.0,DAL,RB,13.0,4.0,3.0,13.0,0.0,2.0,66.7,6.0,4.3,1.0,0.2,0.0,,2025
223.0,Tanner McKee,25.0,PHI,QB,1.0,0.0,3.0,-2.0,0.0,0.0,0.0,,-0.7,-2.0,3.0,0.0,,2025
224.0,Jalen Milroe,23.0,SEA,QB,3.0,0.0,3.0,4.0,0.0,0.0,0.0,3.0,1.3,1.3,1.0,1.0,,2025
225.0,Craig Reynolds,29.0,DET,RB,7.0,0.0,3.0,4.0,0.0,0.0,0.0,3.0,1.3,0.6,0.4,0.0,,2025
226.0,Raheim Sanders,23.0,CLE,RB,1.0,0.0,3.0,3.0,1.0,2.0,66.7,2.0,1.0,3.0,3.0,0.0,,2025
227.0,Arian Smith,24.0,NYJ,WR,12.0,5.0,3.0,11.0,0.0,1.0,66.7,13.0,3.7,0.9,0.3,0.0,,2025
228.0,Jonnu Smith,30.0,PIT,TE,13.0,4.0,3.0,17.0,0.0,1.0,66.7,10.0,5.7,1.3,0.2,1.0,,2025
229.0,Amon-Ra St. Brown,26.0,DET,WR,13.0,13.0,3.0,9.0,0.0,1.0,33.3,6.0,3.0,0.7,0.2,1.0,,2025
230.0,Jordan Whittington,25.0,LAR,WR,13.0,6.0,3.0,12.0,0.0,0.0,66.7,6.0,4.0,0.9,0.2,0.0,,2025
231.0,Trayveon Williams,28.0,LAC,RB,3.0,0.0,3.0,-1.0,0.0,0.0,0.0,2.0,-0.3,-0.3,1.0,0.0,,2025
232.0,Malik Willis,26.0,GNB,QB,2.0,0.0,3.0,19.0,0.0,2.0,66.7,16.0,6.3,9.5,1.5,0.0,,2025
233.0,Zach Wilson,26.0,MIA,QB,3.0,0.0,3.0,1.0,0.0,0.0,0.0,3.0,0.3,0.3,1.0,0.0,,2025
234.0,Owen Wright,26.0,TAM,RB,3.0,0.0,3.0,6.0,0.0,0.0,0.0,4.0,2.0,2.0,1.0,0.0,,2025
235.0,Tyson Bagent,25.0,CHI,QB,3.0,0.0,2.0,7.0,0.0,0.0,50.0,7.0,3.5,2.3,0.7,1.0,,2025
236.0,Brock Bowers,23.0,LVR,TE,10.0,6.0,2.0,2.0,0.0,0.0,50.0,6.0,1.0,0.2,0.2,0.0,,2025
237.0,Max Brosmer,24.0,MIN,QB,4.0,1.0,2.0,-2.0,0.0,0.0,0.0,-1.0,-1.0,-0.5,0.5,0.0,,2025
238.0,Nico Collins,26.0,HOU,WR,12.0,12.0,2.0,15.0,1.0,1.0,100.0,8.0,7.5,1.3,0.2,1.0,,2025
239.0,Derius Davis,25.0,LAC,WR,10.0,0.0,2.0,5.0,0.0,0.0,0.0,3.0,2.5,0.5,0.2,1.0,,2025
240.0,Emeka Egbuka,23.0,TAM,WR,13.0,12.0,2.0,9.0,0.0,0.0,50.0,9.0,4.5,0.7,0.2,0.0,,2025
241.0,Feleipe Franks,28.0,ATL,TE,13.0,0.0,2.0,4.0,0.0,2.0,100.0,2.0,2.0,0.3,0.2,0.0,,2025
242.0,Nyheim Hines,29.0,LAC,RB,3.0,0.0,2.0,-2.0,0.0,0.0,0.0,1.0,-1.0,-0.7,0.7,0.0,,2025
243.0,Xavier Hutchinson,25.0,HOU,WR,13.0,4.0,2.0,14.0,0.0,1.0,100.0,9.0,7.0,1.1,0.2,0.0,,2025
244.0,Alec Ingold,29.0,MIA,FB,13.0,9.0,2.0,9.0,0.0,1.0,50.0,6.0,4.5,0.7,0.2,0.0,,2025
245.0,Amar Johnson,22.0,LAC,RB,2.0,0.0,2.0,8.0,0.0,0.0,50.0,6.0,4.0,4.0,1.0,0.0,,2025
246.0,Kameron Johnson,23.0,TAM,WR,13.0,0.0,2.0,13.0,0.0,1.0,50.0,11.0,6.5,1.0,0.2,1.0,,2025
247.0,Roschon Johnson,24.0,CHI,RB,7.0,0.0,2.0,17.0,0.0,1.0,100.0,11.0,8.5,2.4,0.3,0.0,,2025
248.0,Quentin Johnston,24.0,LAC,WR,12.0,8.0,2.0,7.0,0.0,0.0,50.0,9.0,3.5,0.6,0.2,1.0,,2025
249.0,Kyle Juszczyk,34.0,SFO,FB,13.0,13.0,2.0,-3.0,0.0,0.0,0.0,,-1.5,-0.2,0.2,0.0,,2025
250.0,D.K. Metcalf,28.0,PIT,WR,13.0,13.0,2.0,12.0,1.0,1.0,100.0,6.0,6.0,0.9,0.2,0.0,,2025
251.0,John Metchie,25.0,2TM,WR,12.0,3.0,2.0,-9.0,0.0,0.0,0.0,-2.0,-4.5,-0.8,0.2,0.0,,2025
251.0,John Metchie,25.0,PHI,WR,7.0,0.0,0.0,0.0,0.0,0.0,,,,0.0,0.0,0.0,,2025
251.0,John Metchie,25.0,NYJ,WR,5.0,3.0,2.0,-9.0,0.0,0.0,0.0,-2.0,-4.5,-1.8,0.4,0.0,,2025
252.0,Kendall Milton,23.0,CIN,RB,1.0,0.0,2.0,2.0,0.0,0.0,0.0,2.0,1.0,2.0,2.0,0.0,,2025
253.0,Ricky Pearsall,25.0,SFO,WR,7.0,7.0,2.0,-2.0,0.0,0.0,0.0,2.0,-1.0,-0.3,0.3,0.0,,2025
254.0,Kenny Pickett,27.0,LVR,QB,3.0,0.0,2.0,6.0,0.0,1.0,50.0,6.0,3.0,2.0,0.7,1.0,,2025
255.0,Kalif Raymond,31.0,DET,WR,11.0,3.0,2.0,19.0,0.0,1.0,100.0,10.0,9.5,1.7,0.2,0.0,,2025
256.0,Jayden Reed,25.0,GNB,WR,3.0,2.0,2.0,22.0,0.0,1.0,100.0,15.0,11.0,7.3,0.7,0.0,,2025
257.0,Wan'Dale Robinson,24.0,NYG,WR,13.0,12.0,2.0,2.0,0.0,1.0,50.0,2.0,1.0,0.2,0.2,1.0,,2025
258.0,Jacob Saylors,24.0,DET,RB,12.0,0.0,2.0,11.0,0.0,1.0,50.0,9.0,5.5,0.9,0.2,0.0,,2025
259.0,Brian Thomas,23.0,JAX,WR,10.0,10.0,2.0,16.0,1.0,2.0,100.0,9.0,8.0,1.6,0.2,0.0,,2025
260.0,Mason Tipton,25.0,NOR,WR,12.0,2.0,2.0,10.0,0.0,1.0,50.0,11.0,5.0,0.8,0.2,0.0,,2025
261.0,Isaiah Williams,24.0,NYJ,WR,11.0,0.0,2.0,29.0,0.0,1.0,100.0,25.0,14.5,2.6,0.2,1.0,,2025
262.0,Jordan Addison,23.0,MIN,WR,10.0,9.0,1.0,16.0,0.0,1.0,100.0,16.0,16.0,1.6,0.1,0.0,,2025
263.0,Ulysses Bentley,25.0,IND,RB,1.0,0.0,1.0,0.0,0.0,0.0,0.0,,0.0,0.0,1.0,0.0,,2025
264.0,Tyler Conklin,30.0,LAC,TE,12.0,5.0,1.0,2.0,0.0,1.0,100.0,2.0,2.0,0.2,0.1,1.0,,2025
265.0,Brady Cook,24.0,NYJ,QB,1.0,0.0,1.0,0.0,0.0,0.0,0.0,,0.0,0.0,1.0,2.0,,2025
266.0,Malik Cunningham,27.0,DET,WR,1.0,0.0,1.0,1.0,0.0,0.0,0.0,1.0,1.0,1.0,1.0,0.0,,2025
267.0,DeeJay Dallas,27.0,CAR,RB,3.0,0.0,1.0,0.0,0.0,0.0,0.0,,0.0,0.0,0.3,0.0,,2025
268.0,Evan Engram,31.0,DEN,TE,12.0,1.0,1.0,7.0,0.0,0.0,100.0,7.0,7.0,0.6,0.1,0.0,,2025
269.0,Quinn Ewers,22.0,MIA,QB,1.0,0.0,1.0,0.0,0.0,0.0,0.0,,0.0,0.0,1.0,2.0,,2025
270.0,Jake Ferguson,26.0,DAL,TE,13.0,7.0,1.0,1.0,0.0,0.0,0.0,1.0,1.0,0.1,0.1,3.0,,2025
271.0,Terrance Ferguson,22.0,LAR,TE,11.0,1.0,1.0,0.0,0.0,0.0,0.0,,0.0,0.0,0.1,0.0,,2025
272.0,Jamie Gillan,28.0,NYG,P,13.0,0.0,1.0,-13.0,0.0,0.0,0.0,-13.0,-13.0,-1.0,0.1,0.0,,2025
273.0,Tre Harris,23.0,LAC,WR,13.0,7.0,1.0,3.0,0.0,0.0,0.0,3.0,3.0,0.2,0.1,0.0,,2025
274.0,T.J. Hockenson,28.0,MIN,TE,13.0,13.0,1.0,0.0,0.0,0.0,0.0,,0.0,0.0,0.1,0.0,,2025
275.0,Mack Hollins,32.0,NWE,WR,13.0,11.0,1.0,4.0,0.0,0.0,0.0,4.0,4.0,0.3,0.1,0.0,,2025
276.0,Travis Homer,27.0,CHI,RB,7.0,0.0,1.0,-2.0,0.0,0.0,0.0,-2.0,-2.0,-0.3,0.1,0.0,,2025
277.0,Travis Hunter,22.0,JAX,WR,7.0,4.0,1.0,0.0,0.0,0.0,0.0,,0.0,0.0,0.1,1.0,,2025
278.0,Justin Jefferson,26.0,MIN,WR,13.0,13.0,1.0,4.0,0.0,0.0,100.0,4.0,4.0,0.3,0.1,0.0,,2025
279.0,Travis Kelce,36.0,KAN,TE,13.0,13.0,1.0,1.0,0.0,0.0,0.0,1.0,1.0,0.1,0.1,0.0,,2025
280.0,George Kittle,32.0,SFO,TE,8.0,8.0,1.0,-3.0,0.0,0.0,0.0,-3.0,-3.0,-0.4,0.1,0.0,,2025
281.0,Tucker Kraft,25.0,GNB,TE,8.0,8.0,1.0,3.0,0.0,0.0,0.0,3.0,3.0,0.4,0.1,0.0,,2025
282.0,CeeDee Lamb,26.0,DAL,WR,10.0,9.0,1.0,2.0,0.0,0.0,0.0,2.0,2.0,0.2,0.1,0.0,,2025
283.0,Jaylin Lane,23.0,WAS,WR,13.0,3.0,1.0,7.0,0.0,0.0,100.0,7.0,7.0,0.5,0.1,3.0,,2025
284.0,Gage Larvadain,23.0,CLE,WR,9.0,0.0,1.0,3.0,0.0,0.0,0.0,3.0,3.0,0.3,0.1,4.0,,2025
285.0,Xavier Legette,24.0,CAR,WR,11.0,11.0,1.0,0.0,0.0,0.0,0.0,,0.0,0.0,0.1,1.0,,2025
286.0,Braden Mann,28.0,PHI,P,13.0,0.0,1.0,-34.0,0.0,0.0,0.0,-34.0,-34.0,-2.6,0.1,0.0,,2025
287.0,Adrian Martinez,25.0,SFO,QB,1.0,0.0,1.0,-1.0,0.0,0.0,0.0,-1.0,-1.0,-1.0,1.0,0.0,,2025
288.0,Chris Moore,32.0,WAS,WR,11.0,5.0,1.0,9.0,0.0,0.0,100.0,9.0,9.0,0.8,0.1,0.0,,2025
289.0,David Moore,30.0,CAR,WR,4.0,2.0,1.0,12.0,0.0,1.0,100.0,12.0,12.0,3.0,0.3,0.0,,2025
290.0,Skyy Moore,25.0,SFO,WR,13.0,0.0,1.0,1.0,0.0,0.0,0.0,1.0,1.0,0.1,0.1,1.0,,2025
291.0,Jalen Nailor,26.0,MIN,WR,13.0,7.0,1.0,15.0,0.0,1.0,100.0,15.0,15.0,1.2,0.1,0.0,,2025
292.0,Chris Olave,25.0,NOR,WR,13.0,13.0,1.0,-3.0,0.0,0.0,0.0,-3.0,-3.0,-0.2,0.1,0.0,,2025
293.0,Nikko Remigio,26.0,KAN,WR,12.0,0.0,1.0,11.0,0.0,1.0,100.0,11.0,11.0,0.9,0.1,1.0,,2025
294.0,Patrick Ricard,31.0,BAL,FB,7.0,2.0,1.0,3.0,0.0,1.0,100.0,3.0,3.0,0.4,0.1,0.0,,2025
295.0,Demarcus Robinson,31.0,SFO,WR,10.0,1.0,1.0,6.0,0.0,0.0,100.0,6.0,6.0,0.6,0.1,0.0,,2025
296.0,Drew Sample,29.0,CIN,TE,13.0,10.0,1.0,3.0,0.0,0.0,0.0,3.0,3.0,0.2,0.1,0.0,,2025
297.0,Khalil Shakir,25.0,BUF,WR,13.0,9.0,1.0,5.0,0.0,0.0,0.0,5.0,5.0,0.4,0.1,1.0,,2025
298.0,Jarrett Stidham,29.0,DEN,QB,1.0,0.0,1.0,-1.0,0.0,0.0,0.0,-1.0,-1.0,-1.0,1.0,0.0,,2025
299.0,Grant Stuard,27.0,DET,LB,13.0,0.0,1.0,0.0,0.0,0.0,0.0,,0.0,0.0,0.1,0.0,,2025
300.0,Rodney Thomas II,27.0,IND,S,13.0,0.0,1.0,3.0,0.0,1.0,100.0,3.0,3.0,0.2,0.1,0.0,,2025
301.0,Deven Thompkins,26.0,ATL,WR,3.0,0.0,1.0,5.0,0.0,0.0,100.0,5.0,5.0,1.7,0.3,0.0,,2025
302.0,Sione Vaki,24.0,DET,RB,7.0,0.0,1.0,4.0,0.0,0.0,100.0,4.0,4.0,0.6,0.1,0.0,,2025
303.0,Jaylen Waddle,27.0,MIA,WR,13.0,13.0,1.0,21.0,0.0,1.0,100.0,21.0,21.0,1.6,0.1,0.0,,2025
304.0,Darren Waller,33.0,MIA,TE,6.0,2.0,1.0,4.0,0.0,1.0,100.0,4.0,4.0,0.7,0.2,0.0,,2025
305.0,Christian Watson,26.0,GNB,WR,7.0,7.0,1.0,3.0,0.0,0.0,0.0,3.0,3.0,0.4,0.1,0.0,,2025
306.0,Dontayvion Wicks,24.0,GNB,WR,11.0,7.0,1.0,6.0,0.0,0.0,100.0,6.0,6.0,0.5,0.1,0.0,,2025
307.0,Kyle Williams,23.0,NWE,WR,13.0,0.0,1.0,-2.0,0.0,0.0,0.0,-2.0,-2.0,-0.2,0.1,0.0,,2025
308.0,Davante Adams,33.0,LAR,WR,13.0,13.0,0.0,0.0,0.0,0.0,,,,0.0,0.0,0.0,,2025
309.0,Nate Adkins,26.0,DEN,TE,6.0,3.0,0.0,0.0,0.0,0.0,,,,0.0,0.0,0.0,,2025
310.0,Mo Alie-Cox,32.0,IND,TE,13.0,6.0,0.0,0.0,0.0,0.0,,,,0.0,0.0,0.0,,2025
311.0,Davis Allen,24.0,LAR,TE,13.0,1.0,0.0,0.0,0.0,0.0,,,,0.0,0.0,0.0,,2025
312.0,Keenan Allen,33.0,LAC,WR,13.0,3.0,0.0,0.0,0.0,0.0,,,,0.0,0.0,1.0,,2025
313.0,Spencer Anderson,25.0,PIT,OL,13.0,4.0,0.0,0.0,0.0,0.0,,,,0.0,0.0,0.0,,2025
314.0,Elijah Arroyo,22.0,SEA,TE,13.0,4.0,0.0,0.0,0.0,0.0,,,,0.0,0.0,1.0,,2025
315.0,Tutu Atwell,26.0,LAR,WR,6.0,4.0,0.0,0.0,0.0,0.0,,,,0.0,0.0,0.0,,2025
316.0,Calvin Austin III,26.0,PIT,WR,11.0,7.0,0.0,0.0,0.0,0.0,,,,0.0,0.0,0.0,,2025
317.0,Kevin Austin,25.0,NOR,WR,4.0,0.0,0.0,0.0,0.0,0.0,,,,0.0,0.0,0.0,,2025
318.0,Elic Ayomanor,22.0,TEN,WR,12.0,11.0,0.0,0.0,0.0,0.0,,,,0.0,0.0,0.0,,2025
319.0,Andre Baccellia,28.0,ARI,WR,4.0,1.0,0.0,0.0,0.0,0.0,,,,0.0,0.0,0.0,,2025
320.0,Alex Bachman,29.0,LVR,WR,9.0,0.0,0.0,0.0,0.0,0.0,,,,0.0,0.0,0.0,,2025
321.0,Michael Bandy,28.0,DEN,WR,2.0,0.0,0.0,0.0,0.0,0.0,,,,0.0,0.0,1.0,,2025
322.0,Rashod Bateman,26.0,BAL,WR,11.0,10.0,0.0,0.0,0.0,0.0,,,,0.0,0.0,0.0,,2025
323.0,Brenden Bates,26.0,HOU,TE,3.0,0.0,0.0,0.0,0.0,0.0,,,,0.0,0.0,0.0,,2025
324.0,John Bates,28.0,WAS,TE,11.0,8.0,0.0,0.0,0.0,0.0,,,,0.0,0.0,0.0,,2025
325.0,Jack Bech,23.0,LVR,WR,13.0,3.0,0.0,0.0,0.0,0.0,,,,0.0,0.0,0.0,,2025
326.0,Andrew Beck,29.0,NYJ,FB,13.0,1.0,0.0,0.0,0.0,0.0,,,,0.0,0.0,0.0,,2025
327.0,Daniel Bellinger,25.0,NYG,TE,12.0,7.0,0.0,0.0,0.0,0.0,,,,0.0,0.0,0.0,,2025
328.0,Braxton Berrios,30.0,HOU,WR,4.0,0.0,0.0,0.0,0.0,0.0,,,,0.0,0.0,0.0,,2025
329.0,Jake Bobo,27.0,SEA,WR,8.0,0.0,0.0,0.0,0.0,0.0,,,,0.0,0.0,0.0,,2025
330.0,Garett Bolles,33.0,DEN,T,13.0,13.0,0.0,0.0,0.0,0.0,,,,0.0,0.0,0.0,,2025
331.0,Kendrick Bourne,30.0,SFO,WR,12.0,7.0,0.0,0.0,0.0,0.0,,,,0.0,0.0,0.0,,2025
332.0,Kayshon Boutte,23.0,NWE,WR,11.0,8.0,0.0,0.0,0.0,0.0,,,,0.0,0.0,0.0,,2025
333.0,Jalen Brooks,25.0,ARI,WR,1.0,0.0,0.0,0.0,0.0,0.0,,,,0.0,0.0,0.0,,2025
334.0,A.J. Brown,28.0,PHI,WR,12.0,12.0,0.0,0.0,0.0,0.0,,,,0.0,0.0,0.0,,2025
335.0,Marquise Brown,28.0,KAN,WR,13.0,5.0,0.0,0.0,0.0,0.0,,,,0.0,0.0,1.0,,2025
336.0,Noah Brown,29.0,WAS,WR,3.0,3.0,0.0,0.0,0.0,0.0,,,,0.0,0.0,0.0,,2025
337.0,Jason Brownlee,26.0,KAN,WR,5.0,0.0,0.0,0.0,0.0,0.0,,,,0.0,0.0,0.0,,2025
338.0,Harrison Bryant,27.0,HOU,TE,8.0,3.0,0.0,0.0,0.0,0.0,,,,0.0,0.0,0.0,,2025
339.0,Pat Bryant,23.0,DEN,WR,13.0,6.0,0.0,0.0,0.0,0.0,,,,0.0,0.0,0.0,,2025
340.0,Treylon Burks,25.0,WAS,WR,4.0,0.0,0.0,0.0,0.0,0.0,,,,0.0,0.0,0.0,,2025
341.0,Grant Calcaterra,27.0,PHI,TE,11.0,4.0,0.0,0.0,0.0,0.0,,,,0.0,0.0,0.0,,2025
342.0,Alex Cappa,30.0,LVR,G,13.0,4.0,0.0,0.0,0.0,0.0,,,,0.0,0.0,0.0,,2025
343.0,Robbie Chosen,32.0,WAS,WR,3.0,0.0,0.0,0.0,0.0,0.0,,,,0.0,0.0,0.0,,2025
344.0,Jalen Coker,24.0,CAR,WR,7.0,2.0,0.0,0.0,0.0,0.0,,,,0.0,0.0,0.0,,2025
345.0,Connor Colby,22.0,SFO,OL,9.0,6.0,0.0,0.0,0.0,0.0,,,,0.0,0.0,0.0,,2025
346.0,Keon Coleman,22.0,BUF,WR,11.0,6.0,0.0,0.0,0.0,0.0,,,,0.0,0.0,1.0,,2025
347.0,Beaux Collins,23.0,NYG,WR,9.0,0.0,0.0,0.0,0.0,0.0,,,,0.0,0.0,0.0,,2025
348.0,Tanner Conner,27.0,MIA,TE,9.0,0.0,0.0,0.0,0.0,0.0,,,,0.0,0.0,0.0,,2025
349.0,Brandin Cooks,32.0,2TM,WR,12.0,4.0,0.0,0.0,0.0,0.0,,,,0.0,0.0,0.0,,2025
349.0,Brandin Cooks,32.0,NOR,WR,10.0,3.0,0.0,0.0,0.0,0.0,,,,0.0,0.0,0.0,,2025
349.0,Brandin Cooks,32.0,BUF,WR,2.0,1.0,0.0,0.0,0.0,0.0,,,,0.0,0.0,0.0,,2025
350.0,Darius Cooper,24.0,PHI,WR,9.0,0.0,0.0,0.0,0.0,0.0,,,,0.0,0.0,0.0,,2025
351.0,Gabriel Davis,26.0,BUF,WR,4.0,3.0,0.0,0.0,0.0,0.0,,,,0.0,0.0,0.0,,2025
352.0,Josiah Deguara,28.0,ARI,TE,8.0,0.0,0.0,0.0,0.0,0.0,,,,0.0,0.0,0.0,,2025
353.0,Stefon Diggs,32.0,NWE,WR,13.0,13.0,0.0,0.0,0.0,0.0,,,,0.0,0.0,0.0,,2025
354.0,Will Dissly,29.0,LAC,TE,5.0,1.0,0.0,0.0,0.0,0.0,,,,0.0,0.0,0.0,,2025
355.0,Jahan Dotson,25.0,PHI,WR,13.0,7.0,0.0,0.0,0.0,0.0,,,,0.0,0.0,0.0,,2025
356.0,Romeo Doubs,25.0,GNB,WR,13.0,12.0,0.0,0.0,0.0,0.0,,,,0.0,0.0,1.0,,2025
357.0,Josh Downs,24.0,IND,WR,12.0,7.0,0.0,0.0,0.0,0.0,,,,0.0,0.0,1.0,,2025
358.0,Dylan Drummond,25.0,ATL,WR,5.0,0.0,0.0,0.0,0.0,0.0,,,,0.0,0.0,0.0,,2025
359.0,Greg Dulcich,25.0,MIA,TE,6.0,1.0,0.0,0.0,0.0,0.0,,,,0.0,0.0,0.0,,2025
360.0,Payne Durham,25.0,TAM,TE,13.0,7.0,0.0,0.0,0.0,0.0,,,,0.0,0.0,0.0,,2025
361.0,Devin Duvernay,28.0,CHI,WR,13.0,0.0,0.0,0.0,0.0,0.0,,,,0.0,0.0,0.0,,2025
362.0,Ross Dwelley,30.0,DET,TE,11.0,1.0,0.0,0.0,0.0,0.0,,,,0.0,0.0,0.0,,2025
363.0,Zach Ertz,35.0,WAS,TE,13.0,13.0,0.0,0.0,0.0,0.0,,,,0.0,0.0,1.0,,2025
364.0,D'Wayne Eskridge,28.0,MIA,WR,11.0,0.0,0.0,0.0,0.0,0.0,,,,0.0,0.0,1.0,,2025
365.0,Mike Evans,32.0,TAM,WR,4.0,4.0,0.0,0.0,0.0,0.0,,,,0.0,0.0,0.0,,2025
366.0,Mitchell Evans,22.0,CAR,TE,13.0,6.0,0.0,0.0,0.0,0.0,,,,0.0,0.0,0.0,,2025
367.0,Noah Fant,28.0,CIN,TE,12.0,6.0,0.0,0.0,0.0,0.0,,,,0.0,0.0,2.0,,2025
368.0,Luke Farrell,28.0,SFO,TE,13.0,4.0,0.0,0.0,0.0,0.0,,,,0.0,0.0,1.0,,2025
369.0,Tai Felton,22.0,MIN,WR,13.0,0.0,0.0,0.0,0.0,0.0,,,,0.0,0.0,0.0,,2025
370.0,Anthony Firkser,30.0,DET,TE,3.0,1.0,0.0,0.0,0.0,0.0,,,,0.0,0.0,0.0,,2025
371.0,Tucker Fisk,26.0,LAC,TE,10.0,7.0,0.0,0.0,0.0,0.0,,,,0.0,0.0,0.0,,2025
372.0,John FitzPatrick,25.0,GNB,TE,13.0,3.0,0.0,0.0,0.0,0.0,,,,0.0,0.0,0.0,,2025
373.0,Pat Freiermuth,27.0,PIT,TE,13.0,5.0,0.0,0.0,0.0,0.0,,,,0.0,0.0,0.0,,2025
374.0,Oronde Gadsden II,22.0,LAC,TE,11.0,6.0,0.0,0.0,0.0,0.0,,,,0.0,0.0,1.0,,2025
375.0,Mike Gesicki,30.0,CIN,TE,9.0,1.0,0.0,0.0,0.0,0.0,,,,0.0,0.0,0.0,,2025
376.0,Reggie Gilliam,28.0,BUF,FB,13.0,2.0,0.0,0.0,0.0,0.0,,,,0.0,0.0,0.0,,2025
377.0,Xavier Gipson,24.0,PHI,WR,5.0,0.0,0.0,0.0,0.0,0.0,,,,0.0,0.0,2.0,,2025
378.0,Chris Godwin,29.0,TAM,WR,5.0,3.0,0.0,0.0,0.0,0.0,,,,0.0,0.0,0.0,,2025
379.0,Dallas Goedert,30.0,PHI,TE,12.0,12.0,0.0,0.0,0.0,0.0,,,,0.0,0.0,0.0,,2025
380.0,Anthony Gould,24.0,IND,WR,11.0,1.0,0.0,0.0,0.0,0.0,,,,0.0,0.0,0.0,,2025
381.0,Cam Grandy,25.0,CIN,TE,3.0,1.0,0.0,0.0,0.0,0.0,,,,0.0,0.0,1.0,,2025
382.0,Kylen Granson,27.0,PHI,TE,13.0,2.0,0.0,0.0,0.0,0.0,,,,0.0,0.0,0.0,,2025
383.0,Noah Gray,26.0,KAN,TE,12.0,5.0,0.0,0.0,0.0,0.0,,,,0.0,0.0,0.0,,2025
384.0,C.J. Ham,32.0,MIN,FB,7.0,0.0,0.0,0.0,0.0,0.0,,,,0.0,0.0,0.0,,2025
385.0,Mecole Hardman,27.0,BUF,WR,1.0,0.0,0.0,0.0,0.0,0.0,,,,0.0,0.0,1.0,,2025
386.0,Marvin Harrison Jr.,23.0,ARI,WR,10.0,10.0,0.0,0.0,0.0,0.0,,,,0.0,0.0,0.0,,2025
387.0,Jackson Hawes,25.0,BUF,TE,13.0,6.0,0.0,0.0,0.0,0.0,,,,0.0,0.0,0.0,,2025
388.0,Malik Heath,25.0,GNB,WR,11.0,0.0,0.0,0.0,0.0,0.0,,,,0.0,0.0,0.0,,2025
389.0,Gunnar Helm,23.0,TEN,TE,13.0,8.0,0.0,0.0,0.0,0.0,,,,0.0,0.0,0.0,,2025
390.0,Hunter Henry,31.0,NWE,TE,13.0,13.0,0.0,0.0,0.0,0.0,,,,0.0,0.0,0.0,,2025
391.0,Tyler Higbee,32.0,LAR,TE,9.0,7.0,0.0,0.0,0.0,0.0,,,,0.0,0.0,0.0,,2025
392.0,Elijah Higgins,25.0,ARI,TE,13.0,7.0,0.0,0.0,0.0,0.0,,,,0.0,0.0,1.0,,2025
393.0,Jayden Higgins,23.0,HOU,WR,13.0,8.0,0.0,0.0,0.0,0.0,,,,0.0,0.0,0.0,,2025
394.0,Tee Higgins,26.0,CIN,WR,12.0,12.0,0.0,0.0,0.0,0.0,,,,0.0,0.0,0.0,,2025
395.0,Julian Hill,25.0,MIA,TE,10.0,9.0,0.0,0.0,0.0,0.0,,,,0.0,0.0,0.0,,2025
396.0,Tyreek Hill,31.0,MIA,WR,4.0,4.0,0.0,0.0,0.0,0.0,,,,0.0,0.0,0.0,,2025
397.0,KhaDarel Hodge,30.0,ATL,WR,11.0,1.0,0.0,0.0,0.0,0.0,,,,0.0,0.0,0.0,,2025
398.0,Isaiah Hodgins,27.0,NYG,WR,3.0,2.0,0.0,0.0,0.0,0.0,,,,0.0,0.0,0.0,,2025
399.0,Austin Hooper,31.0,NWE,TE,12.0,6.0,0.0,0.0,0.0,0.0,,,,0.0,0.0,0.0,,2025
400.0,DeAndre Hopkins,33.0,BAL,WR,13.0,3.0,0.0,0.0,0.0,0.0,,,,0.0,0.0,0.0,,2025
401.0,Tory Horton,23.0,SEA,WR,8.0,3.0,0.0,0.0,0.0,0.0,,,,0.0,0.0,0.0,,2025
402.0,Tanner Hudson,31.0,CIN,TE,11.0,1.0,0.0,0.0,0.0,0.0,,,,0.0,0.0,0.0,,2025
403.0,Lil'Jordan Humphrey,27.0,2TM,WR,6.0,2.0,0.0,0.0,0.0,0.0,,,,0.0,0.0,0.0,,2025
403.0,Lil'Jordan Humphrey,27.0,NYG,WR,3.0,2.0,0.0,0.0,0.0,0.0,,,,0.0,0.0,0.0,,2025
403.0,Lil'Jordan Humphrey,27.0,DEN,WR,3.0,0.0,0.0,0.0,0.0,0.0,,,,0.0,0.0,0.0,,2025
404.0,Jalin Hyatt,24.0,NYG,WR,7.0,0.0,0.0,0.0,0.0,0.0,,,,0.0,0.0,0.0,,2025
405.0,Shedrick Jackson,26.0,LVR,WR,2.0,0.0,0.0,0.0,0.0,0.0,,,,0.0,0.0,0.0,,2025
406.0,Van Jefferson,29.0,TEN,WR,13.0,5.0,0.0,0.0,0.0,0.0,,,,0.0,0.0,0.0,,2025
407.0,Jauan Jennings,28.0,SFO,WR,11.0,11.0,0.0,0.0,0.0,0.0,,,,0.0,0.0,1.0,,2025
408.0,Jerry Jeudy,26.0,CLE,WR,13.0,13.0,0.0,0.0,0.0,0.0,,,,0.0,0.0,1.0,,2025
409.0,Juwan Johnson,29.0,NOR,TE,13.0,7.0,0.0,0.0,0.0,0.0,,,,0.0,0.0,1.0,,2025
410.0,Theo Johnson,24.0,NYG,TE,13.0,13.0,0.0,0.0,0.0,0.0,,,,0.0,0.0,0.0,,2025
411.0,Tyler Johnson,27.0,NYJ,WR,10.0,5.0,0.0,0.0,0.0,0.0,,,,0.0,0.0,0.0,,2025
412.0,Charlie Jones,27.0,CIN,WR,13.0,0.0,0.0,0.0,0.0,0.0,,,,0.0,0.0,0.0,,2025
413.0,Jacoby Jones,24.0,WAS,WR,1.0,0.0,0.0,0.0,0.0,0.0,,,,0.0,0.0,0.0,,2025
414.0,Tim Jones,27.0,JAX,WR,2.0,0.0,0.0,0.0,0.0,0.0,,,,0.0,0.0,0.0,,2025
415.0,Zay Jones,30.0,ARI,WR,8.0,0.0,0.0,0.0,0.0,0.0,,,,0.0,0.0,0.0,,2025
416.0,Nick Kallerup,24.0,SEA,TE,6.0,0.0,0.0,0.0,0.0,0.0,,,,0.0,0.0,0.0,,2025
417.0,Tom Kennedy,29.0,DET,WR,2.0,0.0,0.0,0.0,0.0,0.0,,,,0.0,0.0,0.0,,2025
418.0,Dalton Kincaid,26.0,BUF,TE,9.0,3.0,0.0,0.0,0.0,0.0,,,,0.0,0.0,1.0,,2025
419.0,Mason Kinsey,27.0,TEN,WR,6.0,0.0,0.0,0.0,0.0,0.0,,,,0.0,0.0,0.0,,2025
420.0,Christian Kirk,29.0,HOU,WR,9.0,2.0,0.0,0.0,0.0,0.0,,,,0.0,0.0,0.0,,2025
421.0,Cole Kmet,26.0,CHI,TE,12.0,11.0,0.0,0.0,0.0,0.0,,,,0.0,0.0,0.0,,2025
422.0,Dawson Knox,29.0,BUF,TE,13.0,9.0,0.0,0.0,0.0,0.0,,,,0.0,0.0,0.0,,2025
423.0,Charlie Kolar,26.0,BAL,TE,13.0,5.0,0.0,0.0,0.0,0.0,,,,0.0,0.0,0.0,,2025
424.0,Lucas Krull,27.0,DEN,TE,3.0,3.0,0.0,0.0,0.0,0.0,,,,0.0,0.0,0.0,,2025
425.0,Cooper Kupp,32.0,SEA,WR,12.0,12.0,0.0,0.0,0.0,0.0,,,,0.0,0.0,0.0,,2025
426.0,KeAndre Lambert-Smith,24.0,LAC,WR,6.0,1.0,0.0,0.0,0.0,0.0,,,,0.0,0.0,0.0,,2025
427.0,Sam LaPorta,24.0,DET,TE,9.0,9.0,0.0,0.0,0.0,0.0,,,,0.0,0.0,0.0,,2025
428.0,Keleki Latu,23.0,BUF,TE,3.0,0.0,0.0,0.0,0.0,0.0,,,,0.0,0.0,0.0,,2025
429.0,Allen Lazard,30.0,NYJ,WR,9.0,2.0,0.0,0.0,0.0,0.0,,,,0.0,0.0,0.0,,2025
430.0,Isaiah Likely,25.0,BAL,TE,10.0,6.0,0.0,0.0,0.0,0.0,,,,0.0,0.0,2.0,,2025
431.0,Tyler Lockett,33.0,2TM,WR,13.0,1.0,0.0,0.0,0.0,0.0,,,,0.0,0.0,0.0,,2025
431.0,Tyler Lockett,33.0,TEN,WR,7.0,1.0,0.0,0.0,0.0,0.0,,,,0.0,0.0,0.0,,2025
431.0,Tyler Lockett,33.0,LVR,WR,6.0,0.0,0.0,0.0,0.0,0.0,,,,0.0,0.0,0.0,,2025
432.0,Drake London,24.0,ATL,WR,9.0,9.0,0.0,0.0,0.0,0.0,,,,0.0,0.0,1.0,,2025
433.0,Hunter Long,27.0,JAX,TE,9.0,3.0,0.0,0.0,0.0,0.0,,,,0.0,0.0,1.0,,2025
434.0,Colston Loveland,21.0,CHI,TE,12.0,8.0,0.0,0.0,0.0,0.0,,,,0.0,0.0,0.0,,2025
435.0,Chris Manhertz,33.0,NYG,TE,13.0,2.0,0.0,0.0,0.0,0.0,,,,0.0,0.0,0.0,,2025
436.0,Tay Martin,28.0,WAS,WR,3.0,0.0,0.0,0.0,0.0,0.0,,,,0.0,0.0,0.0,,2025
437.0,David Martin-Robinson,26.0,TEN,TE,13.0,4.0,0.0,0.0,0.0,0.0,,,,0.0,0.0,0.0,,2025
438.0,Scott Matlock,25.0,LAC,FB,12.0,4.0,0.0,0.0,0.0,0.0,,,,0.0,0.0,0.0,,2025
439.0,Michael Mayer,24.0,LVR,TE,9.0,9.0,0.0,0.0,0.0,0.0,,,,0.0,0.0,0.0,,2025
440.0,Trey McBride,26.0,ARI,TE,13.0,13.0,0.0,0.0,0.0,0.0,,,,0.0,0.0,0.0,,2025
441.0,Luke McCaffrey,24.0,WAS,WR,9.0,0.0,0.0,0.0,0.0,0.0,,,,0.0,0.0,0.0,,2025
442.0,Ray-Ray McCloud,29.0,2TM,WR,6.0,2.0,0.0,0.0,0.0,0.0,,,,0.0,0.0,0.0,,2025
442.0,Ray-Ray McCloud,29.0,ATL,WR,4.0,1.0,0.0,0.0,0.0,0.0,,,,0.0,0.0,0.0,,2025
442.0,Ray-Ray McCloud,29.0,NYG,WR,2.0,1.0,0.0,0.0,0.0,0.0,,,,0.0,0.0,0.0,,2025
443.0,Ladd McConkey,24.0,LAC,WR,13.0,10.0,0.0,0.0,0.0,0.0,,,,0.0,0.0,0.0,,2025
444.0,Terry McLaurin,30.0,WAS,WR,6.0,6.0,0.0,0.0,0.0,0.0,,,,0.0,0.0,0.0,,2025
445.0,Tetairoa McMillan,22.0,CAR,WR,13.0,13.0,0.0,0.0,0.0,0.0,,,,0.0,0.0,0.0,,2025
446.0,Ryan Miller,25.0,TAM,WR,13.0,3.0,0.0,0.0,0.0,0.0,,,,0.0,0.0,0.0,,2025
447.0,Scott Miller,28.0,PIT,WR,9.0,0.0,0.0,0.0,0.0,0.0,,,,0.0,0.0,0.0,,2025
448.0,Jonathan Mingo,24.0,DAL,WR,2.0,0.0,0.0,0.0,0.0,0.0,,,,0.0,0.0,0.0,,2025
449.0,Adonai Mitchell,23.0,2TM,WR,12.0,3.0,0.0,0.0,0.0,0.0,,,,0.0,0.0,1.0,,2025
449.0,Adonai Mitchell,23.0,IND,WR,8.0,1.0,0.0,0.0,0.0,0.0,,,,0.0,0.0,1.0,,2025
449.0,Adonai Mitchell,23.0,NYJ,WR,4.0,2.0,0.0,0.0,0.0,0.0,,,,0.0,0.0,0.0,,2025
450.0,Elijah Mitchell,27.0,KAN,RB,1.0,0.0,0.0,0.0,0.0,0.0,,,,0.0,0.0,0.0,,2025
451.0,James Mitchell,26.0,CAR,TE,4.0,0.0,0.0,0.0,0.0,0.0,,,,0.0,0.0,0.0,,2025
452.0,Zaire Mitchell-Paden,26.0,2TM,TE,8.0,1.0,0.0,0.0,0.0,0.0,,,,0.0,0.0,0.0,,2025
452.0,Zaire Mitchell-Paden,26.0,BAL,TE,6.0,1.0,0.0,0.0,0.0,0.0,,,,0.0,0.0,0.0,,2025
452.0,Zaire Mitchell-Paden,26.0,NOR,TE,2.0,0.0,0.0,0.0,0.0,0.0,,,,0.0,0.0,0.0,,2025
453.0,Darnell Mooney,28.0,ATL,WR,11.0,11.0,0.0,0.0,0.0,0.0,,,,0.0,0.0,1.0,,2025
454.0,Foster Moreau,28.0,NOR,TE,9.0,7.0,0.0,0.0,0.0,0.0,,,,0.0,0.0,0.0,,2025
455.0,Quintin Morris,26.0,JAX,TE,10.0,3.0,0.0,0.0,0.0,0.0,,,,0.0,0.0,0.0,,2025
456.0,Konata Mumpfield,23.0,LAR,WR,13.0,0.0,0.0,0.0,0.0,0.0,,,,0.0,0.0,0.0,,2025
457.0,Johnny Mundt,31.0,JAX,TE,12.0,6.0,0.0,0.0,0.0,0.0,,,,0.0,0.0,0.0,,2025
458.0,Luke Musgrave,25.0,GNB,TE,13.0,8.0,0.0,0.0,0.0,0.0,,,,0.0,0.0,1.0,,2025
459.0,Malik Nabers,22.0,NYG,WR,4.0,4.0,0.0,0.0,0.0,0.0,,,,0.0,0.0,0.0,,2025
460.0,David Njoku,29.0,CLE,TE,12.0,11.0,0.0,0.0,0.0,0.0,,,,0.0,0.0,0.0,,2025
461.0,Rome Odunze,23.0,CHI,WR,12.0,12.0,0.0,0.0,0.0,0.0,,,,0.0,0.0,0.0,,2025
462.0,Andrew Ogletree,27.0,IND,TE,13.0,5.0,0.0,0.0,0.0,0.0,,,,0.0,0.0,0.0,,2025
463.0,Chigoziem Okonkwo,26.0,TEN,TE,13.0,9.0,0.0,0.0,0.0,0.0,,,,0.0,0.0,0.0,,2025
464.0,Albert Okwuegbunam,27.0,LVR,TE,1.0,0.0,0.0,0.0,0.0,0.0,,,,0.0,0.0,0.0,,2025
465.0,Bryce Oliver,25.0,TEN,WR,2.0,0.0,0.0,0.0,0.0,0.0,,,,0.0,0.0,0.0,,2025
466.0,Josh Oliver,28.0,MIN,TE,11.0,4.0,0.0,0.0,0.0,0.0,,,,0.0,0.0,0.0,,2025
467.0,Gunner Olszewski,29.0,NYG,WR,13.0,0.0,0.0,0.0,0.0,0.0,,,,0.0,0.0,1.0,,2025
468.0,Cade Otton,26.0,TAM,TE,13.0,13.0,0.0,0.0,0.0,0.0,,,,0.0,0.0,0.0,,2025
469.0,Josh Palmer,26.0,BUF,WR,8.0,5.0,0.0,0.0,0.0,0.0,,,,0.0,0.0,0.0,,2025
470.0,Colby Parkinson,26.0,LAR,TE,11.0,6.0,0.0,0.0,0.0,0.0,,,,0.0,0.0,1.0,,2025
471.0,Tim Patrick,32.0,JAX,WR,12.0,2.0,0.0,0.0,0.0,0.0,,,,0.0,0.0,0.0,,2025
472.0,Dante Pettis,30.0,NOR,WR,4.0,0.0,0.0,0.0,0.0,0.0,,,,0.0,0.0,0.0,,2025
473.0,George Pickens,24.0,DAL,WR,13.0,11.0,0.0,0.0,0.0,0.0,,,,0.0,0.0,4.0,,2025
474.0,Alec Pierce,25.0,IND,WR,11.0,10.0,0.0,0.0,0.0,0.0,,,,0.0,0.0,0.0,,2025
475.0,Michael Pittman Jr.,28.0,IND,WR,13.0,12.0,0.0,0.0,0.0,0.0,,,,0.0,0.0,0.0,,2025
476.0,Kyle Pitts,25.0,ATL,TE,13.0,13.0,0.0,0.0,0.0,0.0,,,,0.0,0.0,0.0,,2025
477.0,James Proche,29.0,TEN,WR,5.0,0.0,0.0,0.0,0.0,0.0,,,,0.0,0.0,0.0,,2025
478.0,Bernhard Raimann,28.0,IND,T,13.0,13.0,0.0,0.0,0.0,0.0,,,,0.0,0.0,0.0,,2025
479.0,Tip Reiman,24.0,ARI,TE,4.0,3.0,0.0,0.0,0.0,0.0,,,,0.0,0.0,0.0,,2025
480.0,Hunter Renfrow,30.0,CAR,WR,6.0,2.0,0.0,0.0,0.0,0.0,,,,0.0,0.0,0.0,,2025
481.0,Xavier Restrepo,23.0,TEN,WR,2.0,0.0,0.0,0.0,0.0,0.0,,,,0.0,0.0,0.0,,2025
482.0,Josh Reynolds,30.0,NYJ,WR,5.0,3.0,0.0,0.0,0.0,0.0,,,,0.0,0.0,0.0,,2025
483.0,Calvin Ridley,31.0,TEN,WR,7.0,6.0,0.0,0.0,0.0,0.0,,,,0.0,0.0,0.0,,2025
484.0,Jeremy Ruckert,25.0,NYJ,TE,13.0,11.0,0.0,0.0,0.0,0.0,,,,0.0,0.0,0.0,,2025
485.0,Carter Runyon,24.0,LVR,TE,9.0,0.0,0.0,0.0,0.0,0.0,,,,0.0,0.0,0.0,,2025
486.0,Curtis Samuel,29.0,BUF,WR,6.0,0.0,0.0,0.0,0.0,0.0,,,,0.0,0.0,0.0,,2025
487.0,Ja'Tavion Sanders,22.0,CAR,TE,10.0,3.0,0.0,0.0,0.0,0.0,,,,0.0,0.0,0.0,,2025
488.0,Eric Saubert,31.0,SEA,TE,7.0,1.0,0.0,0.0,0.0,0.0,,,,0.0,0.0,0.0,,2025
489.0,Luke Schoonmaker,27.0,DAL,TE,13.0,6.0,0.0,0.0,0.0,0.0,,,,0.0,0.0,0.0,,2025
490.0,Dalton Schultz,29.0,HOU,TE,13.0,4.0,0.0,0.0,0.0,0.0,,,,0.0,0.0,0.0,,2025
491.0,Tyrell Shavers,26.0,BUF,WR,13.0,6.0,0.0,0.0,0.0,0.0,,,,0.0,0.0,0.0,,2025
492.0,Trent Sherfield,29.0,2TM,WR,11.0,3.0,0.0,0.0,0.0,0.0,,,,0.0,0.0,0.0,,2025
492.0,Trent Sherfield,29.0,DEN,WR,10.0,3.0,0.0,0.0,0.0,0.0,,,,0.0,0.0,0.0,,2025
492.0,Trent Sherfield,29.0,ARI,WR,1.0,0.0,0.0,0.0,0.0,0.0,,,,0.0,0.0,0.0,,2025
493.0,David Sills V,29.0,ATL,WR,13.0,3.0,0.0,0.0,0.0,0.0,,,,0.0,0.0,0.0,,2025
494.0,Ben Sims,25.0,MIN,TE,4.0,1.0,0.0,0.0,0.0,0.0,,,,0.0,0.0,0.0,,2025
495.0,Ben Sinnott,23.0,WAS,TE,12.0,3.0,0.0,0.0,0.0,0.0,,,,0.0,0.0,0.0,,2025
496.0,Ben Skowronek,28.0,PIT,WR,13.0,3.0,0.0,0.0,0.0,0.0,,,,0.0,0.0,0.0,,2025
497.0,Darius Slayton,28.0,NYG,WR,10.0,9.0,0.0,0.0,0.0,0.0,,,,0.0,0.0,1.0,,2025
498.0,Stone Smartt,27.0,NYJ,TE,11.0,0.0,0.0,0.0,0.0,0.0,,,,0.0,0.0,0.0,,2025
499.0,DeVonta Smith,27.0,PHI,WR,13.0,13.0,0.0,0.0,0.0,0.0,,,,0.0,0.0,0.0,,2025
500.0,Xavier Smith,28.0,LAR,WR,12.0,3.0,0.0,0.0,0.0,0.0,,,,0.0,0.0,0.0,,2025
501.0,JuJu Smith-Schuster,29.0,KAN,WR,13.0,8.0,0.0,0.0,0.0,0.0,,,,0.0,0.0,0.0,,2025
502.0,Durham Smythe,30.0,CHI,TE,13.0,1.0,0.0,0.0,0.0,0.0,,,,0.0,0.0,0.0,,2025
503.0,Brevyn Spann-Ford,26.0,DAL,TE,13.0,4.0,0.0,0.0,0.0,0.0,,,,0.0,0.0,0.0,,2025
504.0,Jack Stoll,27.0,NOR,TE,12.0,3.0,0.0,0.0,0.0,0.0,,,,0.0,0.0,0.0,,2025
505.0,Brenton Strange,25.0,JAX,TE,8.0,8.0,0.0,0.0,0.0,0.0,,,,0.0,0.0,0.0,,2025
506.0,Courtland Sutton,30.0,DEN,WR,13.0,13.0,0.0,0.0,0.0,0.0,,,,0.0,0.0,0.0,,2025
507.0,Mason Taylor,21.0,NYJ,TE,13.0,11.0,0.0,0.0,0.0,0.0,,,,0.0,0.0,0.0,,2025
508.0,Isaac TeSlaa,23.0,DET,WR,13.0,2.0,0.0,0.0,0.0,0.0,,,,0.0,0.0,0.0,,2025
509.0,Adam Thielen,35.0,2TM,WR,12.0,5.0,0.0,0.0,0.0,0.0,,,,0.0,0.0,0.0,,2025
509.0,Adam Thielen,35.0,MIN,WR,11.0,4.0,0.0,0.0,0.0,0.0,,,,0.0,0.0,0.0,,2025
509.0,Adam Thielen,35.0,PIT,WR,1.0,1.0,0.0,0.0,0.0,0.0,,,,0.0,0.0,0.0,,2025
510.0,Ian Thomas,29.0,LVR,TE,13.0,8.0,0.0,0.0,0.0,0.0,,,,0.0,0.0,0.0,,2025
511.0,Dont'e Thornton,23.0,LVR,WR,11.0,7.0,0.0,0.0,0.0,0.0,,,,0.0,0.0,0.0,,2025
512.0,Tyquan Thornton,25.0,KAN,WR,13.0,3.0,0.0,0.0,0.0,0.0,,,,0.0,0.0,0.0,,2025
513.0,Jamari Thrash,25.0,CLE,WR,9.0,1.0,0.0,0.0,0.0,0.0,,,,0.0,0.0,0.0,,2025
514.0,Cedric Tillman,25.0,CLE,WR,9.0,7.0,0.0,0.0,0.0,0.0,,,,0.0,0.0,0.0,,2025
515.0,Mitchell Tinsley,26.0,CIN,WR,13.0,2.0,0.0,0.0,0.0,0.0,,,,0.0,0.0,0.0,,2025
516.0,Jalen Tolbert,26.0,DAL,WR,11.0,7.0,0.0,0.0,0.0,0.0,,,,0.0,0.0,0.0,,2025
517.0,Jake Tonges,26.0,SFO,TE,13.0,1.0,0.0,0.0,0.0,0.0,,,,0.0,0.0,0.0,,2025
518.0,Robert Tonyan,31.0,KAN,TE,13.0,0.0,0.0,0.0,0.0,0.0,,,,0.0,0.0,0.0,,2025
519.0,Austin Trammell,27.0,JAX,WR,6.0,0.0,0.0,0.0,0.0,0.0,,,,0.0,0.0,0.0,,2025
520.0,Adam Trautman,28.0,DEN,TE,13.0,10.0,0.0,0.0,0.0,0.0,,,,0.0,0.0,0.0,,2025
521.0,Brycen Tremayne,26.0,CAR,WR,12.0,1.0,0.0,0.0,0.0,0.0,,,,0.0,0.0,1.0,,2025
522.0,Tommy Tremble,25.0,CAR,TE,13.0,12.0,0.0,0.0,0.0,0.0,,,,0.0,0.0,0.0,,2025
523.0,Malik Turner,29.0,SFO,WR,3.0,0.0,0.0,0.0,0.0,0.0,,,,0.0,0.0,0.0,,2025
524.0,Marquez Valdes-Scantling,31.0,2TM,WR,6.0,0.0,0.0,0.0,0.0,0.0,,,,0.0,0.0,0.0,,2025
524.0,Marquez Valdes-Scantling,31.0,SFO,WR,5.0,0.0,0.0,0.0,0.0,0.0,,,,0.0,0.0,0.0,,2025
524.0,Marquez Valdes-Scantling,31.0,PIT,WR,1.0,0.0,0.0,0.0,0.0,0.0,,,,0.0,0.0,0.0,,2025
525.0,Devaughn Vele,28.0,NOR,WR,12.0,6.0,0.0,0.0,0.0,0.0,,,,0.0,0.0,0.0,,2025
526.0,Devontez Walker,24.0,BAL,WR,8.0,1.0,0.0,0.0,0.0,0.0,,,,0.0,0.0,0.0,,2025
527.0,Tylan Wallace,26.0,BAL,WR,12.0,2.0,0.0,0.0,0.0,0.0,,,,0.0,0.0,0.0,,2025
528.0,Casey Washington,24.0,ATL,WR,7.0,2.0,0.0,0.0,0.0,0.0,,,,0.0,0.0,0.0,,2025
529.0,Darnell Washington,24.0,PIT,TE,13.0,10.0,0.0,0.0,0.0,0.0,,,,0.0,0.0,1.0,,2025
530.0,Tahj Washington,24.0,MIA,WR,4.0,1.0,0.0,0.0,0.0,0.0,,,,0.0,0.0,1.0,,2025
531.0,Jordan Watkins,23.0,SFO,WR,3.0,0.0,0.0,0.0,0.0,0.0,,,,0.0,0.0,0.0,,2025
532.0,Justin Watson,29.0,HOU,WR,2.0,0.0,0.0,0.0,0.0,0.0,,,,0.0,0.0,0.0,,2025
533.0,Jared Wayne,25.0,HOU,WR,1.0,1.0,0.0,0.0,0.0,0.0,,,,0.0,0.0,0.0,,2025
534.0,Xavier Weaver,25.0,ARI,WR,7.0,1.0,0.0,0.0,0.0,0.0,,,,0.0,0.0,0.0,,2025
535.0,Nick Westbrook-Ikhine,28.0,MIA,WR,13.0,3.0,0.0,0.0,0.0,0.0,,,,0.0,0.0,0.0,,2025
536.0,Jack Westover,26.0,NWE,FB,13.0,1.0,0.0,0.0,0.0,0.0,,,,0.0,0.0,0.0,,2025
537.0,Cody White,27.0,SEA,WR,7.0,0.0,0.0,0.0,0.0,0.0,,,,0.0,0.0,0.0,,2025
538.0,Blake Whiteheart,25.0,CLE,TE,13.0,2.0,0.0,0.0,0.0,0.0,,,,0.0,0.0,1.0,,2025
539.0,Josh Whyle,26.0,GNB,TE,5.0,1.0,0.0,0.0,0.0,0.0,,,,0.0,0.0,0.0,,2025
540.0,Jared Wiley,25.0,KAN,TE,2.0,0.0,0.0,0.0,0.0,0.0,,,,0.0,0.0,0.0,,2025
541.0,Brayden Willis,26.0,SFO,TE,5.0,0.0,0.0,0.0,0.0,0.0,,,,0.0,0.0,0.0,,2025
542.0,Cedrick Wilson Jr.,30.0,MIA,WR,6.0,2.0,0.0,0.0,0.0,0.0,,,,0.0,0.0,0.0,,2025
543.0,Garrett Wilson,25.0,NYJ,WR,7.0,7.0,0.0,0.0,0.0,0.0,,,,0.0,0.0,1.0,,2025
544.0,Michael Wilson,25.0,ARI,WR,13.0,9.0,0.0,0.0,0.0,0.0,,,,0.0,0.0,0.0,,2025
545.0,Roman Wilson,24.0,PIT,WR,12.0,4.0,0.0,0.0,0.0,0.0,,,,0.0,0.0,1.0,,2025
546.0,Tristan Wirfs,26.0,TAM,T,9.0,9.0,0.0,0.0,0.0,0.0,,,,0.0,0.0,0.0,,2025
547.0,Charlie Woerner,28.0,ATL,TE,13.0,10.0,0.0,0.0,0.0,0.0,,,,0.0,0.0,0.0,,2025
548.0,Brock Wright,27.0,DET,TE,11.0,8.0,0.0,0.0,0.0,0.0,,,,0.0,0.0,0.0,,2025
549.0,Luke Wypler,24.0,CLE,C,13.0,1.0,0.0,0.0,0.0,0.0,,,,0.0,0.0,0.0,,2025
550.0,Colson Yankoff,25.0,WAS,TE,11.0,0.0,0.0,0.0,0.0,0.0,,,,0.0,0.0,0.0,,2025
551.0,Dareke Young,26.0,SEA,WR,6.0,0.0,0.0,0.0,0.0,0.0,,,,0.0,0.0,0.0,,2025
552.0,Ben Yurosek,23.0,MIN,TE,8.0,0.0,0.0,0.0,0.0,0.0,,,,0.0,0.0,0.0,,2025
,League Average,,,,,,,,,,49.6,,4.4,9.2,2.1,,,2025
